source_url	status	bytes	content_type	local_path	found_on
https://cdn.sanity.io/images/rxr9fhnm/production/b3f36d94ad3ba68a361dcca99b0f6ce63690b68b-1200x630.jpg?w=2400&h=630&q=85&fit=crop&auto=format	200	574032	image/jpeg	b3f36d94ad3ba68a361dcca99b0f6ce63690b68b-1200x630.jpg	https://www.aspensearch.com
https://cdn.sanity.io/images/rxr9fhnm/production/a1073fc3457e0c555d68b6b9efff2d9005b8a265-512x512.jpg?w=2400&h=64&fm=png&q=85&fit=crop	200	15064	image/png	a1073fc3457e0c555d68b6b9efff2d9005b8a265-512x512.jpg	https://www.aspensearch.com
https://cdn.sanity.io/images/rxr9fhnm/production/f15bf21eee57d6d06ba30ca1db3905058bd90ace-512x512.jpg?w=2400&h=64&fm=png&q=85&fit=crop	200	15048	image/png	f15bf21eee57d6d06ba30ca1db3905058bd90ace-512x512.jpg	https://www.aspensearch.com
https://cdn.sanity.io/images/rxr9fhnm/production/f5fb3a87acdba82f53673a9c1ac410a950f974f5-100x80.svg?w=2400&h=80&max-h=2048&max-w=2048&q=85&auto=format	200	3725	image/svg+xml	f5fb3a87acdba82f53673a9c1ac410a950f974f5-100x80.svg	https://www.aspensearch.com
https://cdn.sanity.io/images/rxr9fhnm/production/f5fb3a87acdba82f53673a9c1ac410a950f974f5-100x80.svg?w=2400&h=80&max-h=2048&max-w=2048&q=85&auto=format&dpr=3	200	3725	image/svg+xml	f5fb3a87acdba82f53673a9c1ac410a950f974f5-100x80-2.svg	https://www.aspensearch.com
https://cdn.sanity.io/images/rxr9fhnm/production/9db4baa1c58e326b05ab7dd3b8dfd9561b89b12d-100x80.svg?w=2400&h=80&max-h=2048&max-w=2048&q=85&auto=format	200	2139	image/svg+xml	9db4baa1c58e326b05ab7dd3b8dfd9561b89b12d-100x80.svg	https://www.aspensearch.com
https://cdn.sanity.io/images/rxr9fhnm/production/9db4baa1c58e326b05ab7dd3b8dfd9561b89b12d-100x80.svg?w=2400&h=80&max-h=2048&max-w=2048&q=85&auto=format&dpr=3	200	2139	image/svg+xml	9db4baa1c58e326b05ab7dd3b8dfd9561b89b12d-100x80-2.svg	https://www.aspensearch.com
https://cdn.sanity.io/images/rxr9fhnm/production/9af40fc280bfd39303f6a129a6c012d40a2c899a-100x80.svg?w=2400&h=80&max-h=2048&max-w=2048&q=85&auto=format	200	1240	image/svg+xml	9af40fc280bfd39303f6a129a6c012d40a2c899a-100x80.svg	https://www.aspensearch.com
https://cdn.sanity.io/images/rxr9fhnm/production/9af40fc280bfd39303f6a129a6c012d40a2c899a-100x80.svg?w=2400&h=80&max-h=2048&max-w=2048&q=85&auto=format&dpr=3	200	1240	image/svg+xml	9af40fc280bfd39303f6a129a6c012d40a2c899a-100x80-2.svg	https://www.aspensearch.com
https://cdn.sanity.io/images/rxr9fhnm/production/97eb1b906686744b41f3a6f9198440655449d9bd-100x80.svg?w=2400&h=80&max-h=2048&max-w=2048&q=85&auto=format	200	3615	image/svg+xml	97eb1b906686744b41f3a6f9198440655449d9bd-100x80.svg	https://www.aspensearch.com
https://cdn.sanity.io/images/rxr9fhnm/production/97eb1b906686744b41f3a6f9198440655449d9bd-100x80.svg?w=2400&h=80&max-h=2048&max-w=2048&q=85&auto=format&dpr=3	200	3615	image/svg+xml	97eb1b906686744b41f3a6f9198440655449d9bd-100x80-2.svg	https://www.aspensearch.com
https://cdn.sanity.io/images/rxr9fhnm/production/984e2dddf5e6c4e2b1c4bde6d05650ffd18867d2-320x320.png?w=2400&h=320&max-h=2048&max-w=2048&q=85&auto=format	200	13063	image/png	984e2dddf5e6c4e2b1c4bde6d05650ffd18867d2-320x320.png	https://www.aspensearch.com
https://cdn.sanity.io/images/rxr9fhnm/production/984e2dddf5e6c4e2b1c4bde6d05650ffd18867d2-320x320.png?w=2400&h=320&max-h=2048&max-w=2048&q=85&auto=format&dpr=3	200	85629	image/png	984e2dddf5e6c4e2b1c4bde6d05650ffd18867d2-320x320-2.png	https://www.aspensearch.com
https://cdn.sanity.io/images/rxr9fhnm/production/5ad3ad0420927d47a3261b187ce0e84d89f8bb92-1280x348.png?w=2400&h=348&max-h=2048&max-w=2048&q=85&auto=format	200	29247	image/png	5ad3ad0420927d47a3261b187ce0e84d89f8bb92-1280x348.png	https://www.aspensearch.com
https://cdn.sanity.io/images/rxr9fhnm/production/5ad3ad0420927d47a3261b187ce0e84d89f8bb92-1280x348.png?w=2400&h=278&max-h=2048&max-w=2048&q=85&auto=format	200	40668	image/png	5ad3ad0420927d47a3261b187ce0e84d89f8bb92-1280x348-2.png	https://www.aspensearch.com
https://cdn.sanity.io/images/rxr9fhnm/production/6db00f8797c1f32da8da99a207602bbb5fd892a0-200x200.svg?w=2400&h=200&max-h=2048&max-w=2048&q=85&auto=format	200	11624	image/svg+xml	6db00f8797c1f32da8da99a207602bbb5fd892a0-200x200.svg	https://www.aspensearch.com
https://cdn.sanity.io/images/rxr9fhnm/production/6db00f8797c1f32da8da99a207602bbb5fd892a0-200x200.svg?w=2400&h=200&max-h=2048&max-w=2048&q=85&auto=format&dpr=3	200	11624	image/svg+xml	6db00f8797c1f32da8da99a207602bbb5fd892a0-200x200-2.svg	https://www.aspensearch.com
https://cdn.sanity.io/images/rxr9fhnm/production/478763eadccc3960ceac3379c97dc34f35071ae5-200x200.svg?w=2400&h=200&max-h=2048&max-w=2048&q=85&auto=format	200	2822	image/svg+xml	478763eadccc3960ceac3379c97dc34f35071ae5-200x200.svg	https://www.aspensearch.com
https://cdn.sanity.io/images/rxr9fhnm/production/478763eadccc3960ceac3379c97dc34f35071ae5-200x200.svg?w=2400&h=200&max-h=2048&max-w=2048&q=85&auto=format&dpr=3	200	2822	image/svg+xml	478763eadccc3960ceac3379c97dc34f35071ae5-200x200-2.svg	https://www.aspensearch.com
https://cdn.sanity.io/images/rxr9fhnm/production/c0042d695f008b64cd48a9a08bb4dd2b79bcccac-200x200.svg?w=2400&h=200&max-h=2048&max-w=2048&q=85&auto=format	200	626	image/svg+xml	c0042d695f008b64cd48a9a08bb4dd2b79bcccac-200x200.svg	https://www.aspensearch.com
https://cdn.sanity.io/images/rxr9fhnm/production/c0042d695f008b64cd48a9a08bb4dd2b79bcccac-200x200.svg?w=2400&h=200&max-h=2048&max-w=2048&q=85&auto=format&dpr=3	200	626	image/svg+xml	c0042d695f008b64cd48a9a08bb4dd2b79bcccac-200x200-2.svg	https://www.aspensearch.com
https://cdn.sanity.io/images/rxr9fhnm/production/d0d73d1b6fe9bd78a1af20be79f5318fb8bf5996-400x400.png?w=2400&h=400&max-h=2048&max-w=2048&q=85&auto=format	200	28057	image/png	d0d73d1b6fe9bd78a1af20be79f5318fb8bf5996-400x400.png	https://www.aspensearch.com
https://cdn.sanity.io/images/rxr9fhnm/production/d0d73d1b6fe9bd78a1af20be79f5318fb8bf5996-400x400.png?w=2400&h=400&max-h=2048&max-w=2048&q=85&auto=format&dpr=3	200	207455	image/png	d0d73d1b6fe9bd78a1af20be79f5318fb8bf5996-400x400-2.png	https://www.aspensearch.com
https://cdn.sanity.io/images/rxr9fhnm/production/301f976a8b1ebdff97892d9f9fdda372960515c4-200x200.png?w=2400&h=200&max-h=2048&max-w=2048&q=85&auto=format	200	4047	image/png	301f976a8b1ebdff97892d9f9fdda372960515c4-200x200.png	https://www.aspensearch.com
https://cdn.sanity.io/images/rxr9fhnm/production/301f976a8b1ebdff97892d9f9fdda372960515c4-200x200.png?w=2400&h=200&max-h=2048&max-w=2048&q=85&auto=format&dpr=3	200	39296	image/png	301f976a8b1ebdff97892d9f9fdda372960515c4-200x200-2.png	https://www.aspensearch.com
https://cdn.sanity.io/images/rxr9fhnm/production/fa4b699af304c0a34367428ad309bd14bc16699a-1536x1024.png?w=2400&h=1024&max-h=2048&max-w=2048&q=85&auto=format	200	1897758	image/png	fa4b699af304c0a34367428ad309bd14bc16699a-1536x1024.png	https://www.aspensearch.com
https://cdn.sanity.io/images/rxr9fhnm/production/fa4b699af304c0a34367428ad309bd14bc16699a-1536x1024.png?w=2400&h=960&max-h=2048&max-w=2048&q=85&auto=format	200	1732442	image/png	fa4b699af304c0a34367428ad309bd14bc16699a-1536x1024-2.png	https://www.aspensearch.com
https://cdn.sanity.io/images/rxr9fhnm/production/9323703b796fed9cae6a750a2f02fb377984368e-1447x1087.png?w=2400&h=1087&max-h=2048&max-w=2048&q=85&auto=format	200	2153812	image/png	9323703b796fed9cae6a750a2f02fb377984368e-1447x1087.png	https://www.aspensearch.com
https://cdn.sanity.io/images/rxr9fhnm/production/9323703b796fed9cae6a750a2f02fb377984368e-1447x1087.png?w=2400&h=1082&max-h=2048&max-w=2048&q=85&auto=format	200	2188685	image/png	9323703b796fed9cae6a750a2f02fb377984368e-1447x1087-2.png	https://www.aspensearch.com
https://cdn.sanity.io/images/rxr9fhnm/production/a1a1333de76fb2b9956fd07906dec52acc5b1c15-618x516.png?w=2400&h=516&max-h=2048&max-w=2048&q=85&auto=format	200	361378	image/png	a1a1333de76fb2b9956fd07906dec52acc5b1c15-618x516.png	https://www.aspensearch.com
https://cdn.sanity.io/images/rxr9fhnm/production/a1a1333de76fb2b9956fd07906dec52acc5b1c15-618x516.png?w=2400&h=501&max-h=2048&max-w=2048&q=85&auto=format	200	358569	image/png	a1a1333de76fb2b9956fd07906dec52acc5b1c15-618x516-2.png	https://www.aspensearch.com
https://cdn.sanity.io/images/rxr9fhnm/production/3dedfcc7fd604c30f42ed035357542b106f902b7-518x514.png?w=2400&h=514&max-h=2048&max-w=2048&q=85&auto=format	200	336159	image/png	3dedfcc7fd604c30f42ed035357542b106f902b7-518x514.png	https://www.aspensearch.com
https://cdn.sanity.io/images/rxr9fhnm/production/3dedfcc7fd604c30f42ed035357542b106f902b7-518x514.png?w=2400&h=514&max-h=2048&max-w=2048&q=85&auto=format&dpr=3	200	1863812	image/png	3dedfcc7fd604c30f42ed035357542b106f902b7-518x514-2.png	https://www.aspensearch.com
https://cdn.sanity.io/images/rxr9fhnm/production/ceccef76e00a62a6a239aa367378db80865ee842-1254x1254.png?w=2400&h=1254&max-h=2048&max-w=2048&q=85&auto=format	200	2349351	image/png	ceccef76e00a62a6a239aa367378db80865ee842-1254x1254.png	https://www.aspensearch.com
https://cdn.sanity.io/images/rxr9fhnm/production/ceccef76e00a62a6a239aa367378db80865ee842-1254x1254.png?w=2400&h=1024&max-h=2048&max-w=2048&q=85&auto=format	200	834143	image/png	ceccef76e00a62a6a239aa367378db80865ee842-1254x1254-2.png	https://www.aspensearch.com
https://cdn.sanity.io/images/rxr9fhnm/production/41ff53823df89f3f3cc58c68acd19f1318e57b06-1254x1254.png?w=2400&h=1254&max-h=2048&max-w=2048&q=85&auto=format	200	1792469	image/png	41ff53823df89f3f3cc58c68acd19f1318e57b06-1254x1254.png	https://www.aspensearch.com
https://cdn.sanity.io/images/rxr9fhnm/production/41ff53823df89f3f3cc58c68acd19f1318e57b06-1254x1254.png?w=2400&h=1024&max-h=2048&max-w=2048&q=85&auto=format	200	631297	image/png	41ff53823df89f3f3cc58c68acd19f1318e57b06-1254x1254-2.png	https://www.aspensearch.com
https://cdn.sanity.io/images/rxr9fhnm/production/d2daca672e27ee661c38cfe5cb5e4169b0f8c0f1-1254x1254.png?w=2400&h=1254&max-h=2048&max-w=2048&q=85&auto=format	200	2167472	image/png	d2daca672e27ee661c38cfe5cb5e4169b0f8c0f1-1254x1254.png	https://www.aspensearch.com
https://cdn.sanity.io/images/rxr9fhnm/production/d2daca672e27ee661c38cfe5cb5e4169b0f8c0f1-1254x1254.png?w=2400&h=1024&max-h=2048&max-w=2048&q=85&auto=format	200	723989	image/png	d2daca672e27ee661c38cfe5cb5e4169b0f8c0f1-1254x1254-2.png	https://www.aspensearch.com
https://cdn.sanity.io/images/rxr9fhnm/production/f3b87f2487fff100d177ce92d873ff06d5df50dc-1254x1254.png?rect=182,22,893,810&w=2400&h=1137&max-h=2048&max-w=2048&q=85&fit=crop&auto=format	200	2305248	image/png	f3b87f2487fff100d177ce92d873ff06d5df50dc-1254x1254.png	https://www.aspensearch.com
https://cdn.sanity.io/images/rxr9fhnm/production/c5ef32fa13e9d88d780cc4765eb7eaa24d646716-800x800.jpg?w=2400&h=800&max-h=2048&max-w=2048&q=85&auto=format	200	101500	image/jpeg	c5ef32fa13e9d88d780cc4765eb7eaa24d646716-800x800.jpg	https://www.aspensearch.com
https://cdn.sanity.io/images/rxr9fhnm/production/c5ef32fa13e9d88d780cc4765eb7eaa24d646716-800x800.jpg?w=2400&h=600&max-h=2048&max-w=2048&q=85&auto=format	200	59102	image/jpeg	c5ef32fa13e9d88d780cc4765eb7eaa24d646716-800x800-2.jpg	https://www.aspensearch.com
https://www.aspensearch.com/_next/static/immutable/chunks/3910qv-cxfuqm.css	200	54110	text/css	3910qv-cxfuqm.css	https://www.aspensearch.com
https://www.aspensearch.com/_next/static/immutable/chunks/3k9-onrok7n76.css	200	2059	text/css	3k9-onrok7n76.css	https://www.aspensearch.com
https://www.aspensearch.com/810&w=2400&h=928&max-h=2048&max-w=2048&q=85&fit=crop&auto=format	200	277752	text/html	810_w_2400_h_928_max-h_2048_max-w_2048_q_85_fit_crop_auto_format.html	https://www.aspensearch.com
https://www.aspensearch.com/_next/static/immutable/media/SuisseIntl_Regular_2-s.0q_h9x_e1ydmp.woff2	200	66508	font/woff2	SuisseIntl_Regular_2-s.0q_h9x_e1ydmp.woff2	https://www.aspensearch.com/_next/static/immutable/chunks/3910qv-cxfuqm.css
https://www.aspensearch.com/_next/static/immutable/media/SuisseIntl_Italic-s.2v9__hjqxoyof.woff2	200	43412	font/woff2	SuisseIntl_Italic-s.2v9__hjqxoyof.woff2	https://www.aspensearch.com/_next/static/immutable/chunks/3910qv-cxfuqm.css
https://www.aspensearch.com/_next/static/immutable/media/SuisseIntl_Book_3-s.2gs6p4k-prhqc.woff2	200	42984	font/woff2	SuisseIntl_Book_3-s.2gs6p4k-prhqc.woff2	https://www.aspensearch.com/_next/static/immutable/chunks/3910qv-cxfuqm.css
https://www.aspensearch.com/_next/static/immutable/media/SuisseIntl_BookItalic-s.2sno-h6f7j7oi.woff2	200	45120	font/woff2	SuisseIntl_BookItalic-s.2sno-h6f7j7oi.woff2	https://www.aspensearch.com/_next/static/immutable/chunks/3910qv-cxfuqm.css
https://www.aspensearch.com/_next/static/immutable/media/SuisseIntl_SemiBold-s.3rcxbt9l2d5df.woff2	200	69248	font/woff2	SuisseIntl_SemiBold-s.3rcxbt9l2d5df.woff2	https://www.aspensearch.com/_next/static/immutable/chunks/3910qv-cxfuqm.css
https://www.aspensearch.com/_next/static/immutable/media/SuisseIntl_SemiBoldItalic-s.2bc_hgqxv7--3.woff2	200	43960	font/woff2	SuisseIntl_SemiBoldItalic-s.2bc_hgqxv7--3.woff2	https://www.aspensearch.com/_next/static/immutable/chunks/3910qv-cxfuqm.css
https://www.aspensearch.com/_next/static/immutable/media/SuisseIntlMono_Regular-s.30eez2cnti033.woff2	200	12968	font/woff2	SuisseIntlMono_Regular-s.30eez2cnti033.woff2	https://www.aspensearch.com/_next/static/immutable/chunks/3910qv-cxfuqm.css
https://cdn.sanity.io/images/rxr9fhnm/production/b4edb237267bf0f9a81bb9535eababbf984741b0-746x666.png	200	23349	image	b4edb237267bf0f9a81bb9535eababbf984741b0-746x666.png
https://cdn.sanity.io/images/rxr9fhnm/production/64d16b8cadcff01c55f55e0d7bd4156b86eaf4b9-800x800.jpg	200	38158	image	64d16b8cadcff01c55f55e0d7bd4156b86eaf4b9-800x800.jpg
https://cdn.sanity.io/images/rxr9fhnm/production/cebf49be94e4db08cf67236156f5cab6b7c71fd2-450x450.jpg	200	27861	image	cebf49be94e4db08cf67236156f5cab6b7c71fd2-450x450.jpg
https://cdn.sanity.io/images/rxr9fhnm/production/e0275fe047571645487c5e2f36d0a3e3558f6cfd-389x389.jpg	200	19344	image	e0275fe047571645487c5e2f36d0a3e3558f6cfd-389x389.jpg
https://cdn.sanity.io/images/rxr9fhnm/production/9b7de1184e4e4384d2102eadae97097e8a65d637-600x600.jpg	200	38206	image	9b7de1184e4e4384d2102eadae97097e8a65d637-600x600.jpg
https://cdn.sanity.io/images/rxr9fhnm/production/18eb363a3d349c36f4a3b67cf45b7c5ba3138c23-800x800.jpg	200	86001	image	18eb363a3d349c36f4a3b67cf45b7c5ba3138c23-800x800.jpg
https://cdn.sanity.io/images/rxr9fhnm/production/346cbc523089035f9e38d49ddf05ad1c79ffe081-337x337.jpg	200	14757	image	346cbc523089035f9e38d49ddf05ad1c79ffe081-337x337.jpg
https://cdn.sanity.io/images/rxr9fhnm/production/973a2ccadcce24edf8d6fc956df34420caf4b479-800x800.jpg	200	94718	image	973a2ccadcce24edf8d6fc956df34420caf4b479-800x800.jpg
https://cdn.sanity.io/images/rxr9fhnm/production/160d9d8a9c62184da787b649e89d389260353d05-200x200.svg	200	4807	image	160d9d8a9c62184da787b649e89d389260353d05-200x200.svg
